City_ID,City,Lat,Lng,Max Temp,Humidity,Cloudiness,Wind Speed,Country,Date
0,Kapaa,22.0752,-159.319,80.58,70,1,1.01,US,2021-11-25 03:30:05
1,Kudahuvadhoo,2.6708,72.8944,81.63,69,90,15.57,MV,2021-11-25 03:30:06
2,Atuona,-9.8,-139.0333,77.95,81,21,15.75,PF,2021-11-25 03:30:06
3,Esperance,-33.8667,121.9,69.64,63,88,10.51,AU,2021-11-25 03:30:06
4,Iraquara,-12.2486,-41.6194,67.21,96,63,3.98,BR,2021-11-25 03:30:07
5,Vaini,-21.2,-175.2,84.36,84,75,8.05,TO,2021-11-25 03:30:07
6,Presidencia Roque Saenz Pena,-26.7852,-60.4388,77.65,64,52,5.3,AR,2021-11-25 03:30:08
7,Papara,-3.9839,-38.7273,81.72,90,72,3.22,BR,2021-11-25 03:30:08
8,Hofn,64.2539,-15.2082,30.22,65,100,3.36,IS,2021-11-25 03:30:09
9,Bredasdorp,-34.5322,20.0403,56.28,76,16,13.67,ZA,2021-11-25 03:30:09
10,Barrow,71.2906,-156.7887,-5.78,77,20,11.5,US,2021-11-25 03:28:38
11,Bluff,-46.6,168.3333,62.15,55,100,5.41,NZ,2021-11-25 03:30:10
12,Oussouye,12.485,-16.5469,80.78,85,6,4.99,SN,2021-11-25 03:25:17
13,Butaritari,3.0707,172.7902,82.4,69,10,15.26,KI,2021-11-25 03:30:10
14,Puerto Ayora,-0.7393,-90.3518,69.12,85,22,10.56,EC,2021-11-25 03:30:11
15,Sandeid,59.5449,5.8636,40.1,92,100,3.78,NO,2021-11-25 03:30:11
16,Moron,-34.6534,-58.6198,80.98,44,32,3.0,AR,2021-11-25 03:27:06
17,Albany,42.6001,-73.9662,34.3,76,70,2.84,US,2021-11-25 03:30:07
18,Chuy,-33.6971,-53.4616,59.77,83,4,8.19,UY,2021-11-25 03:30:12
19,Lagoa,39.05,-27.9833,63.3,72,100,31.99,PT,2021-11-25 03:31:51
20,Pochutla,15.7432,-96.4661,76.82,76,3,3.42,MX,2021-11-25 03:31:51
21,Ribeira Grande,38.5167,-28.7,64.31,71,100,27.83,PT,2021-11-25 03:31:52
22,Port Elizabeth,-33.918,25.5701,61.09,82,75,9.22,ZA,2021-11-25 03:31:53
23,Qasigiannguit,68.8193,-51.1922,28.65,83,88,8.34,GL,2021-11-25 03:31:53
24,Geraldton,-28.7667,114.6,97.21,11,0,5.75,AU,2021-11-25 03:31:53
25,Upernavik,72.7868,-56.1549,19.69,92,100,29.42,GL,2021-11-25 03:31:54
26,Thompson,55.7435,-97.8558,-5.64,77,1,11.5,CA,2021-11-25 03:31:54
27,Leshukonskoye,64.8989,45.7622,11.1,95,70,4.88,RU,2021-11-25 03:31:55
28,Fortuna,40.5982,-124.1573,44.65,65,1,1.01,US,2021-11-25 03:31:55
29,Lorengau,-2.0226,147.2712,85.19,69,40,7.81,PG,2021-11-25 03:31:55
30,Ambon,-3.6954,128.1814,89.74,58,40,6.91,ID,2021-11-25 03:31:56
31,Aljezur,37.3191,-8.8033,54.75,69,71,18.66,PT,2021-11-25 03:31:56
32,Sorland,67.667,12.6934,34.43,81,100,32.97,NO,2021-11-25 03:31:57
33,Mae Sot,16.7167,98.5667,82.35,65,0,0.0,TH,2021-11-25 03:31:57
34,Preobrazheniye,42.9019,133.9064,28.54,46,8,8.05,RU,2021-11-25 03:31:57
35,Rikitea,-23.1203,-134.9692,76.64,76,40,10.67,PF,2021-11-25 03:31:58
36,Port Hedland,-20.3167,118.5667,95.05,12,23,13.8,AU,2021-11-25 03:31:58
37,Qaanaaq,77.484,-69.3632,-2.33,48,0,7.16,GL,2021-11-25 03:31:59
38,Coquimbo,-29.9533,-71.3436,56.93,88,0,3.44,CL,2021-11-25 03:31:18
39,Kruisfontein,-34.0033,24.7314,57.88,85,3,4.76,ZA,2021-11-25 03:31:59
40,Hermanus,-34.4187,19.2345,56.8,74,6,22.12,ZA,2021-11-25 03:32:00
41,Saskylakh,71.9167,114.0833,-12.87,97,83,8.46,RU,2021-11-25 03:32:00
42,Boguchar,49.9358,40.545,23.9,71,14,12.1,RU,2021-11-25 03:32:01
43,Busselton,-33.65,115.3333,80.1,33,46,2.26,AU,2021-11-25 03:32:01
44,Hithadhoo,-0.6,73.0833,82.44,71,76,18.5,MV,2021-11-25 03:32:01
45,Mataura,-46.1927,168.8643,70.0,30,100,9.71,NZ,2021-11-25 03:33:02
46,Moerai,-22.4333,-151.3333,75.29,79,100,10.76,PF,2021-11-25 03:33:02
47,Jamestown,42.097,-79.2353,44.19,51,1,5.01,US,2021-11-25 03:31:23
48,Waingapu,-9.6567,120.2641,88.47,60,39,7.9,ID,2021-11-25 03:33:03
49,Bolgatanga,10.7856,-0.8514,76.91,24,90,4.27,GH,2021-11-25 03:33:03
50,Noumea,-22.2763,166.4572,87.78,66,99,11.48,NC,2021-11-25 03:30:11
51,Pevek,69.7008,170.3133,-12.39,92,100,4.43,RU,2021-11-25 03:33:04
52,Faanui,-16.4833,-151.75,81.64,74,15,10.87,PF,2021-11-25 03:33:05
53,Raudeberg,61.9875,5.1352,38.19,96,100,5.99,NO,2021-11-25 03:33:05
54,Bilma,18.6853,12.9164,72.55,22,0,5.32,NE,2021-11-25 03:33:05
55,Portland,45.5234,-122.6762,46.06,92,90,1.01,US,2021-11-25 03:33:06
56,Cotacachi,0.3,-78.2667,54.95,96,100,0.4,EC,2021-11-25 03:33:06
57,Polewali,-3.4324,119.3435,87.75,65,74,6.17,ID,2021-11-25 03:33:07
58,Victoria,22.2855,114.1577,73.26,60,11,1.01,HK,2021-11-25 03:33:07
59,Whitehaven,54.549,-3.5841,34.66,94,6,14.63,GB,2021-11-25 03:33:07
60,Kamenka,51.3223,42.7678,26.74,80,99,15.73,RU,2021-11-25 03:33:08
61,Canutama,-6.5339,-64.3831,74.5,94,59,0.92,BR,2021-11-25 03:33:08
62,Saint George,37.1041,-113.5841,50.47,28,1,1.01,US,2021-11-25 03:33:09
63,Lebu,-37.6167,-73.65,53.51,95,23,5.57,CL,2021-11-25 03:33:09
64,Nikolskoye,59.7035,30.7861,32.88,93,100,4.72,RU,2021-11-25 03:33:09
65,Saint-Philippe,-21.3585,55.7679,81.21,74,53,11.74,RE,2021-11-25 03:33:10
66,Yulara,-25.2406,130.9889,75.04,38,40,14.97,AU,2021-11-25 03:33:10
67,Airai,-8.9266,125.4092,73.18,67,83,0.65,TL,2021-11-25 03:33:11
68,Ostrovnoy,68.0531,39.5131,25.02,71,100,12.64,RU,2021-11-25 03:33:11
69,Hasaki,35.7333,140.8333,64.29,43,0,8.77,JP,2021-11-25 03:33:11
70,Arraial Do Cabo,-22.9661,-42.0278,72.09,80,4,6.67,BR,2021-11-25 03:33:12
71,Gizo,-8.103,156.8419,85.28,67,30,2.53,SB,2021-11-25 03:33:12
72,Mol,51.192,5.1145,42.75,89,67,2.06,BE,2021-11-25 03:33:13
73,Avarua,-21.2078,-159.775,78.85,73,20,10.36,CK,2021-11-25 03:33:13
74,Dingle,10.9995,122.6711,84.87,73,100,9.71,PH,2021-11-25 03:33:13
75,Cape Town,-33.9258,18.4232,61.11,59,0,10.36,ZA,2021-11-25 03:33:14
76,Atar,20.5169,-13.0499,77.25,37,88,7.45,MR,2021-11-25 03:33:14
77,Hilo,19.7297,-155.09,79.29,83,75,8.05,US,2021-11-25 03:32:05
78,Ushuaia,-54.8,-68.3,42.46,75,20,17.27,AR,2021-11-25 03:33:15
79,Katesh,-4.5167,35.3833,62.2,78,99,2.04,TZ,2021-11-25 03:33:15
80,Punta Arenas,-53.15,-70.9167,46.51,76,0,2.3,CL,2021-11-25 03:33:16
81,Shimoda,34.6667,138.95,62.96,56,0,29.64,JP,2021-11-25 03:33:16
82,Port Alfred,-33.5906,26.891,61.38,75,73,11.95,ZA,2021-11-25 03:33:16
83,Bengkulu,-3.8004,102.2655,84.92,60,41,7.25,ID,2021-11-25 03:31:13
84,Cabo San Lucas,22.8909,-109.9124,76.51,75,1,9.22,MX,2021-11-25 03:33:17
85,Constitucion,-35.3333,-72.4167,52.72,91,0,4.0,CL,2021-11-25 03:33:17
86,Skjervoy,70.0311,20.9714,28.02,51,100,7.72,NO,2021-11-25 03:33:18
87,Riachao Do Jacuipe,-11.8069,-39.3856,72.28,95,55,5.19,BR,2021-11-25 03:33:18
88,Youghal,51.95,-7.8506,39.42,97,5,20.74,IE,2021-11-25 03:33:19
89,Lukulu,-14.3707,23.242,63.82,90,100,4.88,ZM,2021-11-25 03:33:19
90,Bandiagara,14.3501,-3.6104,73.83,28,0,8.79,ML,2021-11-25 03:33:19
91,Vilsbiburg,48.45,12.35,33.76,94,5,2.75,DE,2021-11-25 03:33:20
92,Yellowknife,62.456,-114.3525,1.92,81,90,21.85,CA,2021-11-25 03:34:20
93,Carnarvon,-24.8667,113.6333,100.47,11,0,14.97,AU,2021-11-25 03:29:45
94,Mar Del Plata,-38.0023,-57.5575,69.82,52,0,5.75,AR,2021-11-25 03:34:21
95,Alofi,-19.0595,-169.9187,84.09,65,40,9.22,NU,2021-11-25 03:34:21
96,Hobart,-42.8794,147.3294,65.12,75,75,3.0,AU,2021-11-25 03:34:04
97,New Norfolk,-42.7826,147.0587,64.76,49,76,5.08,AU,2021-11-25 03:34:22
98,Venado Tuerto,-33.7456,-61.9688,65.21,92,100,12.33,AR,2021-11-25 03:34:22
99,Talnakh,69.4865,88.3972,8.38,94,100,6.6,RU,2021-11-25 03:34:22
100,Skegness,53.1436,0.3363,43.57,80,99,15.23,GB,2021-11-25 03:34:23
101,Elko,41.0002,-115.5012,27.64,54,0,3.0,US,2021-11-25 03:34:23
102,Tiksi,71.6872,128.8694,-4.94,82,100,7.02,RU,2021-11-25 03:34:24
103,Lompoc,34.6391,-120.4579,58.57,68,1,3.44,US,2021-11-25 03:34:24
104,Severo-Kurilsk,50.6789,156.125,37.44,98,100,17.83,RU,2021-11-25 03:34:25
105,General Higinio Morinigo,-25.95,-55.9167,73.0,59,2,4.0,PY,2021-11-25 03:34:25
106,Tuatapere,-46.1333,167.6833,66.83,40,100,5.35,NZ,2021-11-25 03:34:26
107,Ballina,-28.8667,153.5667,77.18,96,75,9.22,AU,2021-11-25 03:34:26
108,Vila Velha,-20.3297,-40.2925,71.94,88,20,0.0,BR,2021-11-25 03:33:20
109,Vardo,70.3705,31.1107,21.4,84,97,15.21,NO,2021-11-25 03:34:26
110,Waddan,29.1614,16.139,67.15,39,80,6.02,LY,2021-11-25 03:34:27
111,Vuktyl,63.8567,57.3094,3.58,92,100,9.98,RU,2021-11-25 03:34:27
112,Najran,17.4924,44.1277,56.05,37,4,1.19,SA,2021-11-25 03:33:39
113,Makakilo City,21.3469,-158.0858,80.92,59,1,6.91,US,2021-11-25 03:34:28
114,Sokode,8.9833,1.1333,69.51,94,0,0.0,TG,2021-11-25 03:34:28
115,Bethel,41.3712,-73.414,40.93,68,1,3.44,US,2021-11-25 03:31:27
116,Aurad,18.25,77.4333,77.92,61,40,5.77,IN,2021-11-25 03:34:29
117,Middletown,39.5151,-84.3983,53.01,43,90,9.22,US,2021-11-25 03:34:29
118,Shuyskoye,59.3736,41.0305,22.55,90,100,9.91,RU,2021-11-25 03:34:30
119,Sabang,5.8933,95.3214,78.76,84,100,15.28,ID,2021-11-25 03:34:30
120,Provideniya,64.3833,-173.3,3.31,60,0,13.42,RU,2021-11-25 03:34:31
121,Sobolevo,54.4299,31.8996,33.37,95,100,9.98,RU,2021-11-25 03:34:31
122,Timra,62.487,17.3257,34.68,92,90,8.05,SE,2021-11-25 03:34:31
123,Palu,-0.8917,119.8707,84.87,73,100,2.93,ID,2021-11-25 03:34:32
124,Mahebourg,-20.4081,57.7,79.25,78,40,10.36,MU,2021-11-25 03:34:32
125,Changzhou,31.7833,119.9667,65.91,33,0,6.8,CN,2021-11-25 03:34:33
126,Massakory,12.996,15.7293,74.16,19,14,10.13,TD,2021-11-25 03:34:33
127,Arnedo,42.2167,-2.1,44.6,91,100,14.45,ES,2021-11-25 03:34:34
128,Thurles,52.6819,-7.8022,38.91,94,10,11.68,IE,2021-11-25 03:34:34
129,Omboue,-1.5746,9.2618,76.55,91,100,5.99,GA,2021-11-25 03:34:35
130,Harbin,45.75,126.65,15.75,82,93,8.93,CN,2021-11-25 03:34:35
131,Bouna,9.2667,-3.0,74.55,33,94,1.77,CI,2021-11-25 03:34:35
132,Princeton,25.5384,-80.4089,73.02,69,75,9.22,US,2021-11-25 03:32:12
133,Antofagasta,-23.65,-70.4,60.08,79,86,5.75,CL,2021-11-25 03:34:36
134,Licata,37.1071,13.9461,56.55,84,50,9.98,IT,2021-11-25 03:34:36
135,Ruteng,-8.6136,120.4721,77.45,57,75,0.16,ID,2021-11-25 03:34:37
136,Avera,33.194,-82.5271,46.27,35,41,4.92,US,2021-11-25 03:34:37
137,Alta Floresta,-9.8756,-56.0861,71.01,97,98,2.3,BR,2021-11-25 03:34:37
138,Kaabong,3.4836,34.1492,67.1,59,27,3.31,UG,2021-11-25 03:35:38
139,Cockburn Town,21.4612,-71.1419,79.34,66,98,16.33,TC,2021-11-25 03:35:39
140,East London,-33.0153,27.9116,56.34,94,20,4.61,ZA,2021-11-25 03:35:39
141,Bairiki,1.3292,172.9752,86.0,66,40,14.97,KI,2021-11-25 03:35:39
142,Gazojak,41.1875,61.4036,48.74,77,100,14.65,TM,2021-11-25 03:35:40
143,Ponerihouen,-21.0833,165.4,77.18,70,97,5.35,NC,2021-11-25 03:35:40
144,Kilindoni,-7.9139,39.6668,80.17,81,97,7.81,TZ,2021-11-25 03:35:40
145,Veraval,20.9,70.3667,80.33,40,12,10.98,IN,2021-11-25 03:35:41
146,Georgetown,5.4112,100.3354,85.93,78,20,1.99,MY,2021-11-25 03:33:20
147,Dodola,6.9833,39.1833,51.58,66,10,2.57,ET,2021-11-25 03:35:42
148,Panaba,21.2833,-88.2667,65.39,80,4,7.47,MX,2021-11-25 03:35:42
149,Silver City,32.7701,-108.2803,48.69,71,90,1.01,US,2021-11-25 03:35:42
150,Miraflores,19.2167,-98.8083,61.45,82,37,0.78,MX,2021-11-25 03:35:43
151,Yeppoon,-23.1333,150.7333,80.38,78,100,6.08,AU,2021-11-25 03:35:43
152,Namibe,-15.1961,12.1522,66.36,74,7,6.98,AO,2021-11-25 03:35:44
153,Pemangkat,1.1667,108.9667,83.53,74,99,4.72,ID,2021-11-25 03:35:44
154,Arlit,18.7369,7.3853,71.37,19,2,2.84,NE,2021-11-25 03:35:45
155,Souillac,-20.5167,57.5167,79.36,78,40,10.36,MU,2021-11-25 03:35:45
156,Broome,42.2506,-75.833,36.64,66,1,3.0,US,2021-11-25 03:35:46
157,Krasnovishersk,60.4078,57.082,2.57,98,100,4.45,RU,2021-11-25 03:35:46
158,Manama,26.2154,50.5832,71.58,73,0,9.22,BH,2021-11-25 03:35:47
159,Castro,-24.7911,-50.0119,59.72,93,48,4.68,BR,2021-11-25 03:35:47
160,Pankrushikha,53.8319,80.3406,22.41,96,100,5.55,RU,2021-11-25 03:35:48
161,Havre-Saint-Pierre,50.2334,-63.5986,37.4,100,90,12.66,CA,2021-11-25 03:35:48
162,Izumo,35.3667,132.7667,60.69,44,40,24.16,JP,2021-11-25 03:35:48
163,Kodiak,57.79,-152.4072,22.51,58,90,11.5,US,2021-11-25 03:35:49
164,Flinders,-34.5833,150.8552,78.08,81,100,6.67,AU,2021-11-25 03:35:49
165,Vostok,46.4856,135.8833,12.42,88,100,7.4,RU,2021-11-25 03:35:50
166,Nanortalik,60.1432,-45.2371,38.8,99,100,10.76,GL,2021-11-25 03:35:50
167,Boden,65.8252,21.6886,17.6,85,100,4.21,SE,2021-11-25 03:35:50
168,San Isidro,-12.1167,-77.05,67.01,87,75,1.01,PE,2021-11-25 03:35:51
169,Nuuk,64.1835,-51.7216,30.81,100,90,4.61,GL,2021-11-25 03:35:51
170,Brigantine,39.4101,-74.3646,41.0,68,1,4.61,US,2021-11-25 03:35:52
171,San Felipe,10.3399,-68.7425,72.82,99,98,2.06,VE,2021-11-25 03:35:52
172,Rio Sereno,8.8167,-82.8667,64.18,95,85,3.29,PA,2021-11-25 03:35:53
173,Turan,16.0678,108.2208,76.98,69,75,6.91,VN,2021-11-25 03:35:53
174,Bubaque,11.2833,-15.8333,81.45,79,6,8.3,GW,2021-11-25 03:35:53
175,Salisbury,51.0693,-1.7957,44.26,93,75,9.22,GB,2021-11-25 03:35:54
176,Port Augusta,-32.5,137.7667,73.71,58,28,29.19,AU,2021-11-25 03:35:54
177,San Patricio,28.017,-97.5169,76.87,83,100,15.88,US,2021-11-25 03:35:55
178,Guaruja,-23.9931,-46.2564,73.89,26,22,4.29,BR,2021-11-25 03:35:55
179,Nicolas Bravo,18.45,-88.9167,71.22,85,99,2.3,MX,2021-11-25 03:35:56
180,Whitehorse,60.7161,-135.0538,12.97,92,40,4.61,CA,2021-11-25 03:35:11
181,Klaksvik,62.2266,-6.589,36.52,73,100,24.83,FO,2021-11-25 03:35:56
182,Poltavka,54.3663,71.7632,1.92,97,96,6.24,RU,2021-11-25 03:35:57
183,Tamandare,-8.7597,-35.1047,77.27,82,18,6.76,BR,2021-11-25 03:36:57
184,Yangmei,24.1023,112.5618,67.05,47,68,3.15,CN,2021-11-25 03:36:58
185,Kaitangata,-46.2817,169.8464,67.98,51,82,4.5,NZ,2021-11-25 03:36:58
186,Tuktoyaktuk,69.4541,-133.0374,-25.6,75,1,9.22,CA,2021-11-25 03:36:59
187,Ancud,-41.8697,-73.8203,54.93,96,77,13.71,CL,2021-11-25 03:36:59
188,Sandnessjoen,66.0217,12.6316,30.65,96,100,3.0,NO,2021-11-25 03:36:59
189,Klembivka,48.3904,28.4109,36.52,81,1,5.01,UA,2021-11-25 03:37:00
190,Verkhnyaya Sinyachikha,57.976,61.6673,7.09,93,10,7.14,RU,2021-11-25 03:37:00
191,Ambilobe,-13.2,49.05,80.55,66,99,2.3,MG,2021-11-25 03:37:01
192,Dudinka,69.4058,86.1778,8.73,93,100,10.74,RU,2021-11-25 03:37:01
193,Sambava,-14.2667,50.1667,75.15,75,31,2.26,MG,2021-11-25 03:37:02
194,Touros,-5.1989,-35.4608,79.7,80,87,11.79,BR,2021-11-25 03:37:02
195,Gat,31.61,34.7642,60.4,71,80,2.04,IL,2021-11-25 03:35:02
196,Grand-Santi,4.25,-54.3833,72.23,99,91,1.95,GF,2021-11-25 03:37:03
197,Husavik,66.0449,-17.3389,30.11,82,100,22.08,IS,2021-11-25 03:37:03
198,Iqaluit,63.7506,-68.5145,28.13,69,90,25.32,CA,2021-11-25 03:37:04
199,Longyearbyen,78.2186,15.6401,4.84,72,20,2.3,SJ,2021-11-25 03:37:04
200,Vega De Alatorre,20.0333,-96.6333,72.34,82,0,10.65,MX,2021-11-25 03:37:05
201,Petrolina,-9.3986,-40.5008,82.45,65,0,14.97,BR,2021-11-25 03:37:05
202,Ugoofaaru,5.6667,73.0,79.54,78,100,14.03,MV,2021-11-25 03:37:06
203,Otradnoye,59.7775,30.8181,33.04,93,100,4.76,RU,2021-11-25 03:37:06
204,Bambous Virieux,-20.3428,57.7575,79.21,78,40,10.36,MU,2021-11-25 03:37:06
205,Kununurra,-15.7667,128.7333,94.98,49,40,5.75,AU,2021-11-25 03:37:07
206,Alizai,33.5383,70.3462,61.23,24,3,2.37,PK,2021-11-25 03:37:07
207,Walvis Bay,-22.9575,14.5053,59.09,82,92,11.5,NA,2021-11-25 03:37:08
208,Hami,42.8,93.45,31.39,54,36,1.32,CN,2021-11-25 03:37:08
209,Bentley,53.5333,-1.15,38.75,84,0,10.36,GB,2021-11-25 03:37:09
210,Kieta,-6.2167,155.6333,86.49,57,13,3.89,PG,2021-11-25 03:37:09
211,Linxia,35.6003,103.2064,41.79,17,3,2.59,CN,2021-11-25 03:37:09
212,Asyut,27.181,31.1837,55.58,56,1,3.36,EG,2021-11-25 03:37:10
213,Batemans Bay,-35.7167,150.1833,76.19,96,100,6.04,AU,2021-11-25 03:37:10
214,Buchanan,5.8808,-10.0467,76.96,87,35,4.52,LR,2021-11-25 03:37:11
215,Sao Joao Da Barra,-21.6403,-41.0511,72.46,84,47,5.23,BR,2021-11-25 03:37:11
216,Khatanga,71.9667,102.5,-9.49,97,66,3.89,RU,2021-11-25 03:37:12
217,Takefu,35.9039,136.1669,55.06,70,90,11.12,JP,2021-11-25 03:37:12
218,Cacoal,-11.4386,-61.4472,72.34,97,99,3.42,BR,2021-11-25 03:35:40
219,Broken Hill,-31.95,141.4333,65.91,88,75,10.36,AU,2021-11-25 03:37:13
220,Bardiyah,31.7561,25.0865,63.55,71,1,5.26,LY,2021-11-25 03:37:13
221,Erenhot,43.6475,111.9767,29.55,53,26,12.06,CN,2021-11-25 03:37:14
222,Pleshanovo,52.8333,53.4833,14.67,87,100,13.6,RU,2021-11-25 03:37:14
223,Susanville,40.4163,-120.653,34.66,56,44,3.47,US,2021-11-25 03:37:14
224,Chokurdakh,70.6333,147.9167,-29.54,100,72,6.73,RU,2021-11-25 03:37:15
225,Kosino,58.4127,51.2782,14.7,94,100,7.94,RU,2021-11-25 03:37:15
226,Hay River,60.8156,-115.7999,-5.82,77,20,8.05,CA,2021-11-25 03:37:16
227,Guerrero Negro,27.9769,-114.0611,64.71,78,100,12.35,MX,2021-11-25 03:38:16
228,Nemuro,43.3236,145.575,43.23,50,8,13.6,JP,2021-11-25 03:38:17
229,Las Margaritas,16.3167,-91.9833,52.57,97,8,5.03,MX,2021-11-25 03:38:17
230,Mahina,-17.5065,-149.489,83.97,70,40,11.5,PF,2021-11-25 03:35:22
231,Torbay,47.6666,-52.7314,48.27,99,90,18.41,CA,2021-11-25 03:38:18
232,Bowen,-20.0167,148.2333,80.82,68,100,8.34,AU,2021-11-25 03:38:18
233,Opuwo,-18.0607,13.84,64.26,22,0,3.47,NA,2021-11-25 03:38:18
234,Meulaboh,4.1363,96.1285,82.04,68,99,2.26,ID,2021-11-25 03:38:19
235,Den Helder,52.9599,4.7593,48.18,82,90,5.01,NL,2021-11-25 03:38:19
236,Mehamn,71.0357,27.8492,26.55,86,75,18.41,NO,2021-11-25 03:38:20
237,Verkhnyaya Inta,65.9811,60.3094,8.58,92,100,16.13,RU,2021-11-25 03:38:20
238,Serenje,-13.2325,30.2352,63.81,92,100,4.47,ZM,2021-11-25 03:38:21
239,Miragoane,18.4423,-73.0876,78.75,75,9,4.63,HT,2021-11-25 03:38:21
240,Bereda,43.2686,-7.5406,46.42,100,81,2.26,ES,2021-11-25 03:38:21
241,Beian,63.6559,9.5683,38.01,70,75,14.97,NO,2021-11-25 03:38:22
242,Cayenne,4.9333,-52.3333,77.09,90,75,3.44,GF,2021-11-25 03:38:22
243,Kota Kinabalu,5.9749,116.0724,84.18,84,20,8.05,MY,2021-11-25 03:38:23
244,Milkovo,54.7167,158.6167,26.98,90,100,10.85,RU,2021-11-25 03:38:23
245,Zelenoborsk,61.4669,64.0333,9.34,89,100,6.85,RU,2021-11-25 03:38:24
246,Dunedin,-45.8742,170.5036,67.33,56,91,8.01,NZ,2021-11-25 03:34:11
247,Camacupa,-12.0167,17.4833,61.54,93,100,1.5,AO,2021-11-25 03:38:24
248,Ouro Fino,-22.2831,-46.3692,64.15,80,25,4.79,BR,2021-11-25 03:38:25
249,Council Bluffs,41.2619,-95.8608,38.12,59,75,23.02,US,2021-11-25 03:38:25
250,Cairns,-16.9167,145.7667,88.07,72,75,8.05,AU,2021-11-25 03:38:25
251,Caxias,38.7031,-9.2767,56.44,69,20,1.01,PT,2021-11-25 03:38:26
252,Kavaratti,10.5669,72.642,81.63,75,79,3.83,IN,2021-11-25 03:38:26
253,Half Moon Bay,37.4636,-122.4286,60.85,50,1,8.05,US,2021-11-25 03:34:54
254,Tigil,57.8,158.6667,13.66,90,5,4.85,RU,2021-11-25 03:38:27
255,Faya,18.3851,42.4509,51.91,46,4,2.8,SA,2021-11-25 03:38:27
256,Joensuu,62.6012,29.7632,24.1,93,90,6.91,FI,2021-11-25 03:38:28
257,Xichang,27.8964,102.2634,55.42,67,69,2.75,CN,2021-11-25 03:38:28
258,Kodinsk,58.6881,99.1844,17.29,92,97,4.54,RU,2021-11-25 03:38:29
259,Russell,32.3502,-85.1999,49.23,60,1,0.0,US,2021-11-25 03:38:30
260,Tasiilaq,65.6145,-37.6368,26.76,82,100,9.55,GL,2021-11-25 03:38:30
261,Ponta Do Sol,32.6667,-17.1,65.71,60,99,9.64,PT,2021-11-25 03:38:30
262,Abu Samrah,35.3029,37.1841,55.99,73,96,2.62,SY,2021-11-25 03:38:31
263,Kokstad,-30.5472,29.4241,46.33,95,100,2.73,ZA,2021-11-25 03:38:31
264,Puqi,29.7167,113.8833,64.83,31,0,1.34,CN,2021-11-25 03:38:32
265,Naze,28.3667,129.4833,65.32,55,89,2.77,JP,2021-11-25 03:38:32
266,Ndele,8.4109,20.6473,68.83,32,1,4.09,CF,2021-11-25 03:38:32
267,Sauce,-34.6469,-56.0628,71.22,49,32,9.8,UY,2021-11-25 03:38:33
268,Lavrentiya,65.5833,-171.0,-4.95,93,7,9.04,RU,2021-11-25 03:38:33
269,Yashkul,46.1711,45.3435,29.55,83,7,4.7,RU,2021-11-25 03:38:34
270,Winnemucca,40.973,-117.7357,21.25,58,1,3.44,US,2021-11-25 03:37:09
271,Rodrigues Alves,-7.738,-72.6509,71.65,99,86,1.81,BR,2021-11-25 03:39:34
272,High Level,58.5169,-117.136,5.11,85,90,10.36,CA,2021-11-25 03:39:35
273,San Quintin,30.4833,-115.95,60.31,84,0,5.84,MX,2021-11-25 03:39:35
274,Valle De Juarez,19.9333,-102.9333,53.13,55,91,1.72,MX,2021-11-25 03:39:36
275,Teberda,43.4456,41.7448,19.98,39,6,5.12,RU,2021-11-25 03:39:36
276,Hamilton,39.1834,-84.5333,53.01,48,90,1.01,US,2021-11-25 03:36:21
277,San Cristobal,7.7669,-72.225,66.38,97,77,1.68,VE,2021-11-25 03:39:36
278,Key Biscayne,25.6937,-80.1628,73.44,66,20,1.01,US,2021-11-25 03:39:37
279,Lubumbashi,-11.6609,27.4794,63.32,93,100,5.19,CD,2021-11-25 03:38:10
280,Sinnamary,5.3833,-52.95,77.54,88,62,5.97,GF,2021-11-25 03:39:37
281,Varzelandia,-15.7014,-44.0275,67.86,72,57,4.85,BR,2021-11-25 03:39:38
282,Kavieng,-2.5744,150.7967,85.84,63,19,9.89,PG,2021-11-25 03:39:38
283,Aklavik,68.2191,-135.0107,-28.37,99,100,4.7,CA,2021-11-25 03:39:39
284,Maun,-19.9833,23.4167,66.16,42,0,6.91,BW,2021-11-25 03:39:39
285,Padang,-0.9492,100.3543,86.05,61,66,5.28,ID,2021-11-25 03:39:39
286,Emba,48.8264,58.1442,2.07,93,7,5.86,KZ,2021-11-25 03:39:40
287,Ajdabiya,30.7554,20.2263,64.11,53,88,9.53,LY,2021-11-25 03:39:40
288,Kiruna,67.8557,20.2251,2.32,85,90,2.3,SE,2021-11-25 03:39:41
289,Gushikawa,26.3544,127.8686,67.23,72,75,5.75,JP,2021-11-25 03:39:41
290,Galle,6.0367,80.217,75.52,93,100,10.94,LK,2021-11-25 03:39:42
291,Ewa Beach,21.3156,-158.0072,82.35,59,1,15.01,US,2021-11-25 03:39:42
292,Luxor,25.6989,32.6421,55.45,58,0,2.3,EG,2021-11-25 03:39:42
293,Port Lincoln,-34.7333,135.8667,63.82,66,3,22.53,AU,2021-11-25 03:39:43
294,Kuldur,49.2167,131.6333,22.96,72,22,6.22,RU,2021-11-25 03:39:43
295,Tarauaca,-8.1614,-70.7656,69.67,99,89,2.28,BR,2021-11-25 03:39:44
296,Luderitz,-26.6481,15.1594,58.1,87,4,9.6,NA,2021-11-25 03:39:44
297,Sitka,57.0531,-135.33,44.49,65,75,9.22,US,2021-11-25 03:39:44
298,Chincholi,17.4667,77.4333,78.62,67,35,5.82,IN,2021-11-25 03:39:45
299,Ponta Delgada,37.7333,-25.6667,63.5,59,75,14.97,PT,2021-11-25 03:39:45
300,Storebo,60.0948,5.2271,37.45,96,100,1.01,NO,2021-11-25 03:39:45
301,Quatre Cocos,-20.2078,57.7625,80.1,68,20,10.65,MU,2021-11-25 03:39:46
302,Moranbah,-22.0016,148.0466,70.47,87,100,8.14,AU,2021-11-25 03:39:47
303,Sukhumi,43.0033,41.0153,41.47,61,75,5.84,GE,2021-11-25 03:39:47
304,Maragogi,-9.0122,-35.2225,77.09,83,21,7.61,BR,2021-11-25 03:37:37
305,Donauworth,48.7,10.8,32.86,86,5,1.79,DE,2021-11-25 03:39:48
306,Yongan,39.6957,113.6871,36.99,41,0,5.41,CN,2021-11-25 03:39:49
307,Megion,61.0296,76.1136,-2.18,97,91,7.43,RU,2021-11-25 03:39:49
308,Tymovskoye,50.8456,142.655,33.17,87,100,3.76,RU,2021-11-25 03:39:49
309,Ahuimanu,21.4447,-157.8378,82.11,65,40,9.22,US,2021-11-25 03:39:50
310,Santa Cruz,-17.8,-63.1667,72.86,100,75,4.61,BO,2021-11-25 03:39:50
311,Coahuayana,18.7333,-103.6833,78.28,93,51,3.15,MX,2021-11-25 03:39:51
312,Conceicao Do Araguaia,-8.2578,-49.2647,73.44,89,81,2.08,BR,2021-11-25 03:39:51
313,Viransehir,37.2353,39.7631,51.93,70,99,7.47,TR,2021-11-25 03:39:52
314,Vredendal,-31.6683,18.5012,65.73,46,8,9.93,ZA,2021-11-25 03:39:52
315,Narrabri,-30.3167,149.7833,82.49,57,75,18.41,AU,2021-11-25 03:40:52
316,Mouila,-1.8685,11.0559,72.95,99,100,1.7,GA,2021-11-25 03:40:53
317,Richards Bay,-28.783,32.0377,64.69,76,100,8.52,ZA,2021-11-25 03:40:53
318,Monrovia,6.3005,-10.7969,76.77,80,88,3.47,LR,2021-11-25 03:40:54
319,Sisimiut,66.9395,-53.6735,28.65,77,100,19.53,GL,2021-11-25 03:40:54
320,Zhangye,38.9342,100.4517,39.42,19,5,1.41,CN,2021-11-25 03:40:54
321,Margate,51.3813,1.3862,43.7,83,99,1.01,GB,2021-11-25 03:40:55
322,Arman,59.7,150.1667,14.02,78,13,10.18,RU,2021-11-25 03:40:55
323,Nioro,13.35,-15.75,73.78,75,1,5.66,GM,2021-11-25 03:40:56
324,Yadgir,16.7667,77.1333,79.25,70,30,5.03,IN,2021-11-25 03:40:56
325,Comodoro Rivadavia,-45.8667,-67.5,67.86,32,0,20.71,AR,2021-11-25 03:40:56
326,Chicama,-7.8447,-79.1469,61.34,80,100,5.86,PE,2021-11-25 03:40:57
327,Ayna,-12.65,-73.9167,58.77,90,100,1.1,PE,2021-11-25 03:40:57
328,Leningradskiy,69.3833,178.4167,-20.0,98,100,5.06,RU,2021-11-25 03:40:58
329,Caravelas,-17.7125,-39.2481,73.51,83,91,7.0,BR,2021-11-25 03:40:58
330,Pisco,-13.7,-76.2167,64.45,88,0,9.22,PE,2021-11-25 03:40:58
331,Zhicheng,30.2956,111.5047,65.43,40,0,1.9,CN,2021-11-25 03:40:59
332,Henties Bay,-22.116,14.2845,58.86,88,47,2.98,NA,2021-11-25 03:40:59
333,Harbour Breton,47.4833,-55.7983,52.0,97,100,17.69,CA,2021-11-25 03:41:00
334,Belyy Yar,53.6039,91.3903,28.29,72,40,2.24,RU,2021-11-25 03:41:00
335,Hovd,48.0056,91.6419,33.01,41,93,5.93,MN,2021-11-25 03:41:01
336,Bathsheba,13.2167,-59.5167,75.81,94,75,10.36,BB,2021-11-25 03:41:01
337,Berlevag,70.8578,29.0864,26.6,93,100,12.88,NO,2021-11-25 03:41:02
338,Santa Luzia,-19.7697,-43.8514,72.5,68,0,0.0,BR,2021-11-25 03:41:02
339,Estelle,29.8458,-90.1067,66.0,73,20,11.5,US,2021-11-25 03:36:57
340,Norman Wells,65.282,-126.8329,-21.96,76,75,3.44,CA,2021-11-25 03:41:03
341,Mandera,3.9366,41.867,78.85,50,4,8.08,KE,2021-11-25 03:41:03
342,Boende,-0.2167,20.8667,72.81,91,97,2.39,CD,2021-11-25 03:41:04
343,Sao Domingos Do Maranhao,-5.5758,-44.3853,73.94,81,75,3.24,BR,2021-11-25 03:41:04
344,Tevriz,57.509,72.4042,-0.72,99,78,3.56,RU,2021-11-25 03:41:04
345,Illapel,-31.6308,-71.1653,64.15,60,0,1.54,CL,2021-11-25 03:41:05
346,Isangel,-19.55,169.2667,82.51,74,90,0.0,VU,2021-11-25 03:37:47
347,Labrea,-7.2586,-64.7981,73.56,97,62,1.32,BR,2021-11-25 03:41:05
348,Katherine,-14.4667,132.2667,82.72,69,40,5.75,AU,2021-11-25 03:41:06
349,Ixtapa,20.7,-105.2,76.23,83,1,3.44,MX,2021-11-25 03:41:06
350,Lata,40.1629,-8.3327,51.82,96,66,1.05,PT,2021-11-25 03:41:07
351,Pacific Grove,36.6177,-121.9166,58.62,49,1,3.0,US,2021-11-25 03:40:49
352,Oranjemund,-28.55,16.4333,59.13,95,68,2.91,NA,2021-11-25 03:41:07
353,Cherskiy,68.75,161.3,-12.46,98,100,4.99,RU,2021-11-25 03:41:07
354,Dikson,73.5069,80.5464,5.54,88,100,8.81,RU,2021-11-25 03:41:08
355,Baykit,61.67,96.37,16.61,95,100,3.4,RU,2021-11-25 03:41:08
356,Wegrow,52.3995,22.0163,42.6,78,100,8.3,PL,2021-11-25 03:41:09
357,Tutoia,-2.7619,-42.2744,80.6,82,81,11.65,BR,2021-11-25 03:41:09
358,Aktau,43.65,51.2,27.18,60,26,11.45,KZ,2021-11-25 03:41:09
359,Revda,56.801,59.9303,2.21,93,92,7.18,RU,2021-11-25 03:41:10
360,Birmitrapur,22.4,84.7667,75.15,60,1,3.15,IN,2021-11-25 03:41:10
361,Grand Gaube,-20.0064,57.6608,80.38,65,9,5.99,MU,2021-11-25 03:41:11
362,Seoul,37.5683,126.9778,51.31,35,40,11.5,KR,2021-11-25 03:37:39
363,Sangar,63.9242,127.4739,-13.59,90,100,2.62,RU,2021-11-25 03:42:11
364,Wanning,18.8003,110.3967,75.4,63,49,13.69,CN,2021-11-25 03:42:12
365,Karasjok,69.4719,25.5112,3.31,100,100,0.96,NO,2021-11-25 03:42:12
366,Sabha,27.0377,14.4283,68.09,31,98,9.98,LY,2021-11-25 03:42:13
367,Vila Franca Do Campo,37.7167,-25.4333,63.01,75,100,21.16,PT,2021-11-25 03:42:13
368,Huarmey,-10.0681,-78.1522,67.1,86,100,9.44,PE,2021-11-25 03:42:13
369,Kineshma,57.4391,42.1289,26.94,82,100,13.96,RU,2021-11-25 03:42:14
370,Clyde River,70.4692,-68.5914,5.23,85,88,4.61,CA,2021-11-25 03:41:09
371,Stornoway,58.2093,-6.3865,40.96,82,40,8.99,GB,2021-11-25 03:42:14
372,Sinegorye,62.0788,150.477,-19.14,98,94,0.76,RU,2021-11-25 03:42:15
373,Aksarka,66.5606,67.7975,10.58,88,100,12.57,RU,2021-11-25 03:42:15
374,The Pas,53.8251,-101.2541,-3.98,77,1,6.91,CA,2021-11-25 03:42:16
375,Glendive,47.1053,-104.7125,10.02,85,1,3.44,US,2021-11-25 03:42:16
376,Farah,32.5,62.5,55.06,48,0,4.45,AF,2021-11-25 03:42:17
377,Tulsipur,28.131,82.2973,72.3,61,0,1.81,NP,2021-11-25 03:42:17
378,Hjorring,57.4642,9.9823,44.08,68,100,15.19,DK,2021-11-25 03:42:17
379,Ola,59.5833,151.2833,14.14,77,18,9.42,RU,2021-11-25 03:42:18
380,Taoudenni,22.6783,-3.9836,74.59,42,88,7.05,ML,2021-11-25 03:42:18
381,Te Anau,-45.4167,167.7167,61.27,45,100,9.46,NZ,2021-11-25 03:42:19
382,San Jose,37.3394,-121.895,60.82,43,40,0.0,US,2021-11-25 03:37:45
383,Mahibadhoo,3.7833,72.9667,81.12,77,100,16.37,MV,2021-11-25 03:42:19
384,Tenamaxtlan,20.2167,-104.1667,60.24,46,41,2.57,MX,2021-11-25 03:42:20
385,Lubango,-14.9172,13.4925,58.89,36,90,2.3,AO,2021-11-25 03:42:20
386,North Platte,41.1239,-100.7654,30.38,79,20,7.0,US,2021-11-25 03:42:20
387,Da Nang,16.0678,108.2208,76.98,69,75,6.91,VN,2021-11-25 03:38:15
388,Teahupoo,-17.8333,-149.2667,78.76,77,12,11.23,PF,2021-11-25 03:42:21
389,Gazanjyk,39.2446,55.5154,48.81,78,99,7.7,TM,2021-11-25 03:42:21
390,Asau,46.4333,26.4,27.75,77,1,2.91,RO,2021-11-25 03:42:22
391,Ngunguru,-35.6167,174.5,64.33,68,100,6.98,NZ,2021-11-25 03:42:22
392,Arenys De Mar,41.5819,2.5494,53.65,90,63,3.42,ES,2021-11-25 03:42:23
393,Nalut,30.3333,10.85,63.95,48,96,9.26,LY,2021-11-25 03:42:23
394,Bam,29.106,58.357,61.03,49,0,2.35,IR,2021-11-25 03:42:23
395,Hambantota,6.1241,81.1185,75.54,100,100,3.44,LK,2021-11-25 03:42:24
396,Andra,62.5147,65.8878,-1.32,100,93,4.34,RU,2021-11-25 03:42:24
397,Solnechnyy,50.7214,136.6319,25.79,88,100,6.42,RU,2021-11-25 03:42:25
398,Kangaatsiaq,68.3065,-53.4641,29.86,69,98,22.77,GL,2021-11-25 03:42:25
399,Narsaq,60.9167,-46.05,35.82,100,100,4.43,GL,2021-11-25 03:42:26
400,Roald,62.5833,6.1333,39.34,75,75,13.8,NO,2021-11-25 03:42:26
401,Palmer,42.1584,-72.3287,34.41,67,20,0.0,US,2021-11-25 03:42:26
402,Takestan,36.0696,49.6959,35.73,86,82,9.48,IR,2021-11-25 03:42:27
403,Dwarka,22.2394,68.9678,77.7,54,5,4.54,IN,2021-11-25 03:42:27
404,Tautira,-17.7333,-149.15,84.22,77,12,11.3,PF,2021-11-25 03:42:27
405,Sankt Georgen,47.1425,16.5815,34.14,90,5,6.22,HU,2021-11-25 03:42:28
406,Yaan,7.3833,8.5667,74.79,86,28,5.44,NG,2021-11-25 03:42:28
407,Marsa Matruh,31.3525,27.2453,57.4,88,0,3.44,EG,2021-11-25 03:43:29
408,Olafsvik,64.8945,-23.7142,42.64,83,100,28.25,IS,2021-11-25 03:43:29
409,Tessalit,20.1986,1.0114,71.46,34,95,7.76,ML,2021-11-25 03:43:30
410,Neiafu,-18.65,-173.9833,84.88,70,20,8.05,TO,2021-11-25 03:43:30
411,Arteaga,18.4667,-102.4167,61.9,89,22,2.3,MX,2021-11-25 03:43:30
412,Coalinga,36.1397,-120.3602,51.03,39,1,3.27,US,2021-11-25 03:43:31
413,Thunder Bay,48.4001,-89.3168,25.56,79,90,12.66,CA,2021-11-25 03:39:58
414,Shieli,44.1667,66.75,49.08,55,100,11.43,KZ,2021-11-25 03:43:31
415,Gore,-46.1028,168.9436,68.49,35,100,10.51,NZ,2021-11-25 03:43:32
416,Kanata,45.3159,-75.8985,35.53,84,75,1.99,CA,2021-11-25 03:43:32
417,Vestmanna,62.1564,-7.1664,34.72,69,75,17.27,FO,2021-11-25 03:43:33
418,Mitsamiouli,-11.3847,43.2844,77.29,73,20,3.44,KM,2021-11-25 03:43:33
419,Lucapa,-8.4192,20.7447,63.09,97,99,1.36,AO,2021-11-25 03:43:33
420,Ust-Maya,60.4167,134.5333,-10.23,88,28,0.54,RU,2021-11-25 03:43:34
421,Bachaquero,9.9694,-71.1494,77.99,86,99,2.95,VE,2021-11-25 03:43:34
422,Benidorm,38.5382,-0.131,52.74,60,65,11.07,ES,2021-11-25 03:43:35
423,Xuddur,4.1213,43.8894,72.37,81,11,17.78,SO,2021-11-25 03:43:35
424,Matara,5.9485,80.5353,75.61,94,100,10.96,LK,2021-11-25 03:43:36
425,Rabaul,-4.1967,152.1721,84.61,60,17,5.06,PG,2021-11-25 03:43:36
426,Shu,43.5983,73.7614,48.11,39,37,10.71,KZ,2021-11-25 03:43:36
427,Gbadolite,4.2833,21.0167,67.84,62,70,0.67,CD,2021-11-25 03:43:37
428,Andenes,69.3143,16.1194,21.18,79,100,9.22,NO,2021-11-25 03:43:37
429,Itarema,-2.9248,-39.9167,80.11,80,99,14.74,BR,2021-11-25 03:43:38
430,Khorramshahr,30.4397,48.1664,51.76,76,0,4.61,IR,2021-11-25 03:43:38
431,Kenai,60.5544,-151.2583,16.14,82,90,4.61,US,2021-11-25 03:43:38
432,Lufilufi,-13.8745,-171.5986,91.18,74,40,11.5,WS,2021-11-25 03:43:39
433,Venice,27.0998,-82.4543,63.99,81,1,9.22,US,2021-11-25 03:40:23
434,Yumen,40.2833,97.2,37.49,22,1,16.67,CN,2021-11-25 03:43:39
435,Sao Felix Do Xingu,-6.6447,-51.995,71.11,98,62,0.6,BR,2021-11-25 03:43:40
436,Ambunti,-4.2365,142.8448,91.27,53,97,3.42,PG,2021-11-25 03:43:40
437,Mineral Wells,32.8085,-98.1128,68.85,72,1,9.22,US,2021-11-25 03:43:41
438,Waipawa,-41.4122,175.5153,65.3,45,100,3.85,NZ,2021-11-25 03:43:41
439,Biak,-0.9131,122.8766,83.23,72,93,0.51,ID,2021-11-25 03:43:41
440,Xai-Xai,-25.0519,33.6442,71.89,59,100,11.83,MZ,2021-11-25 03:43:42
441,Inhambane,-23.865,35.3833,69.78,88,20,3.44,MZ,2021-11-25 03:43:42
442,Kendari,-3.945,122.4989,91.87,52,84,1.68,ID,2021-11-25 03:43:43
443,Port Blair,11.6667,92.75,82.54,76,99,10.29,IN,2021-11-25 03:43:43
444,Ankpa,7.3706,7.6253,72.43,92,42,4.76,NG,2021-11-25 03:43:43
445,Marquette,46.5333,-87.6335,36.84,83,100,12.21,US,2021-11-25 03:43:44
446,Namatanai,-3.6667,152.4333,85.73,66,52,6.49,PG,2021-11-25 03:43:44
447,Songling,31.1933,120.7176,62.58,32,0,4.97,CN,2021-11-25 03:43:45
448,Praia Da Vitoria,38.7333,-27.0667,64.65,72,75,29.28,PT,2021-11-25 03:43:45
449,Ifo,6.8144,3.1958,78.42,89,94,2.3,NG,2021-11-25 03:43:45
450,Aitape,-3.1374,142.3475,84.79,73,79,6.33,PG,2021-11-25 03:43:46
451,Cidreira,-30.1811,-50.2056,67.39,84,0,20.92,BR,2021-11-25 03:43:46
452,Flin Flon,54.7682,-101.865,-4.79,96,17,3.0,CA,2021-11-25 03:43:47
453,Oga,46.4631,10.347,27.68,89,71,3.02,IT,2021-11-25 03:43:47
454,Goba,7.0167,39.9833,48.96,65,8,3.56,ET,2021-11-25 03:44:47
455,Bonavista,48.6499,-53.1147,46.11,99,100,18.75,CA,2021-11-25 03:44:48
456,Sistranda,63.7256,8.834,37.9,56,100,17.78,NO,2021-11-25 03:44:48
457,Alamos,27.0167,-108.9333,68.72,74,10,1.86,MX,2021-11-25 03:44:49
458,Luis Correia,-2.8792,-41.6669,80.31,81,76,12.46,BR,2021-11-25 03:44:49
459,Winchester,51.0651,-1.3187,43.72,94,75,3.0,GB,2021-11-25 03:44:49
460,Riyadh,24.6877,46.7219,57.34,35,0,7.29,SA,2021-11-25 03:42:18
461,Teknaf,20.8624,92.3058,82.33,47,4,3.69,BD,2021-11-25 03:44:50
462,Coihaique,-45.5752,-72.0662,54.21,85,58,9.95,CL,2021-11-25 03:43:02
463,Esso,55.9333,158.7,17.67,97,98,2.59,RU,2021-11-25 03:44:51
464,Zheleznodorozhnyy,55.7503,38.0042,36.21,94,100,8.57,RU,2021-11-25 03:44:51
465,Grand-Lahou,5.1367,-5.0242,79.02,83,29,3.87,CI,2021-11-25 03:44:51
466,Jennings,38.7192,-90.2604,60.46,64,90,1.01,US,2021-11-25 03:44:52
467,Ust-Kuyga,70.0167,135.6,-30.95,100,100,9.75,RU,2021-11-25 03:44:52
468,Jian,27.1172,114.9793,62.58,37,12,3.62,CN,2021-11-25 03:44:53
469,Fairbanks,64.8378,-147.7164,-2.7,77,1,3.44,US,2021-11-25 03:44:53
470,Manzhouli,49.6,117.4333,11.05,53,87,5.66,CN,2021-11-25 03:44:54
471,Saldanha,-33.0117,17.9442,62.65,68,0,11.81,ZA,2021-11-25 03:44:54
472,Vila,42.0304,-8.1588,38.32,88,100,1.12,PT,2021-11-25 03:44:54
473,Piacabucu,-10.4056,-36.4344,77.22,85,4,7.72,BR,2021-11-25 03:44:55
474,Camacha,33.0833,-16.3333,62.02,52,40,9.22,PT,2021-11-25 03:44:55
475,Maridi,4.9158,29.4742,68.94,57,6,1.52,SS,2021-11-25 03:44:55
476,Anjozorobe,-18.4,47.8667,68.32,74,10,3.69,MG,2021-11-25 03:44:56
477,Maur,30.0833,75.25,69.13,27,0,7.65,IN,2021-11-25 03:44:56
478,Freeport,40.6576,-73.5832,45.18,59,1,1.99,US,2021-11-25 03:41:50
479,Marion,39.7684,-86.1555,54.01,49,90,10.36,US,2021-11-25 03:44:57
480,Pangnirtung,66.1451,-65.7125,17.29,91,100,10.36,CA,2021-11-25 03:44:57
481,Codrington,-38.2667,141.9667,62.31,68,1,16.67,AU,2021-11-25 03:44:58
482,Los Llanos De Aridane,28.6585,-17.9182,66.13,82,90,8.01,ES,2021-11-25 03:44:58
483,Saint-Ambroise,48.5501,-71.3324,19.89,93,16,2.3,CA,2021-11-25 03:44:58
484,Saint-Leu,-21.15,55.2833,80.67,71,2,3.15,RE,2021-11-25 03:44:59
485,Basco,20.4487,121.9702,78.13,81,95,23.11,PH,2021-11-25 03:44:59
486,Ormara,25.2088,64.6357,77.67,53,2,4.16,PK,2021-11-25 03:44:59
487,Rio Pardo De Minas,-15.6097,-42.5397,63.82,88,37,3.42,BR,2021-11-25 03:45:00
488,Praia,14.9215,-23.5087,75.74,83,0,4.61,CV,2021-11-25 03:45:00
489,Porto Novo,6.4965,2.6036,78.67,88,61,4.63,BJ,2021-11-25 03:45:01
490,Savannah Bight,16.45,-85.85,77.0,66,86,12.95,HN,2021-11-25 03:45:01
491,Hoquiam,46.9809,-123.8893,46.38,92,90,6.91,US,2021-11-25 03:45:01
492,Palauig,15.435,119.9045,87.08,61,95,2.46,PH,2021-11-25 03:45:02
493,Yangambi,0.8102,24.4336,71.73,82,52,1.23,CD,2021-11-25 03:45:02
494,Komsomolskiy,40.4272,71.7189,42.22,56,2,2.3,UZ,2021-11-25 03:45:03
495,Jiuquan,39.7432,98.5174,39.97,19,0,2.86,CN,2021-11-25 03:45:03
496,Inverness,57.4791,-4.224,42.78,87,75,11.5,GB,2021-11-25 03:45:03
497,Awjilah,29.1081,21.2869,65.53,38,71,6.2,LY,2021-11-25 03:45:04
498,Karratha,-20.7377,116.8463,94.91,19,38,16.91,AU,2021-11-25 03:45:04
499,Thaba-Tseka,-29.522,28.6084,42.85,84,39,3.2,LS,2021-11-25 03:45:05
500,Salinas,36.6777,-121.6555,59.04,48,1,0.0,US,2021-11-25 03:44:57
501,Mbarara,-0.608,30.65,60.46,90,29,2.84,UG,2021-11-25 03:45:05
502,Omsukchan,62.5333,155.8,-12.69,97,94,5.84,RU,2021-11-25 03:45:05
503,Zhuhai,22.2769,113.5678,73.98,56,0,13.8,CN,2021-11-25 03:46:06
504,Kloulklubed,7.0419,134.2556,77.5,75,100,15.03,PW,2021-11-25 03:46:06
505,Laguna,38.421,-121.4238,56.41,78,1,1.01,US,2021-11-25 03:46:07
506,Sur,22.5667,59.5289,82.33,35,21,0.96,OM,2021-11-25 03:46:07
507,Solano,38.2333,-121.9511,60.82,57,1,5.75,US,2021-11-25 03:41:54
508,San Diego,32.7153,-117.1573,63.18,85,1,3.44,US,2021-11-25 03:46:03
509,Japura,-0.3167,102.35,89.15,58,82,1.19,ID,2021-11-25 03:46:08
510,Towada,40.6127,141.2067,44.17,72,93,10.11,JP,2021-11-25 03:46:08
511,Hushitai,41.9322,123.5114,30.11,45,0,7.52,CN,2021-11-25 03:46:09
512,Saint-Pierre,-21.3393,55.4781,81.28,62,0,4.61,RE,2021-11-25 03:46:09
513,Yerbogachen,61.2767,108.0108,11.25,95,77,6.49,RU,2021-11-25 03:46:09
514,Katakwi,1.8911,33.9661,71.01,60,79,2.75,UG,2021-11-25 03:46:10
515,Ambulu,-8.345,113.6058,83.98,76,34,5.53,ID,2021-11-25 03:46:10
516,Lashio,22.9333,97.75,72.43,61,7,1.1,MM,2021-11-25 03:46:11
517,Khvoynaya,58.9,34.5333,19.13,98,63,2.86,RU,2021-11-25 03:46:11
518,Azul,-36.777,-59.8585,67.12,79,100,9.19,AR,2021-11-25 03:46:11
519,Humberto De Campos,-2.5983,-43.4611,75.99,93,47,4.68,BR,2021-11-25 03:46:12
520,Preston,53.7667,-2.7167,41.14,87,0,4.74,GB,2021-11-25 03:46:12
521,Batouri,4.4333,14.3667,64.85,71,97,2.3,CM,2021-11-25 03:46:13
522,Xiamen,24.4798,118.0819,69.85,46,0,6.71,CN,2021-11-25 03:46:13
523,Olinda,-8.0089,-34.8553,82.13,74,75,6.91,BR,2021-11-25 03:46:14
524,Boulder City,35.9786,-114.8325,54.82,14,1,12.66,US,2021-11-25 03:46:14
525,Iquique,-20.2208,-70.1431,62.64,73,91,4.61,CL,2021-11-25 03:46:14
526,Safita,34.8205,36.1153,58.51,74,98,3.56,SY,2021-11-25 03:46:15
527,Sakaraha,-22.9,44.5333,70.61,70,82,7.47,MG,2021-11-25 03:46:16
528,Zhongxing,33.7039,118.6792,61.05,40,0,1.88,CN,2021-11-25 03:46:16
529,Laranjeiras Do Sul,-25.4078,-52.4161,69.93,65,66,3.53,BR,2021-11-25 03:42:04
530,Bafra,41.5678,35.9069,50.83,74,100,6.26,TR,2021-11-25 03:46:17
531,Mount Gambier,-37.8333,140.7667,66.11,55,75,19.57,AU,2021-11-25 03:46:17
532,Kamaishi,39.2667,141.8833,43.75,80,76,6.67,JP,2021-11-25 03:46:18
533,Chiang Kham,19.5233,100.3,81.97,57,46,2.82,TH,2021-11-25 03:46:18
534,Sitangkai,4.6628,119.3928,81.25,76,100,1.41,PH,2021-11-25 03:46:18
535,Shihezi,44.3,86.0333,35.46,50,24,1.28,CN,2021-11-25 03:46:19
536,Pella,59.7775,30.8181,33.04,93,100,4.76,RU,2021-11-25 03:46:20
537,Victor Harbor,-35.5667,138.6167,72.19,75,20,8.01,AU,2021-11-25 03:46:20
538,Kirovskiy,45.0917,133.5136,20.19,85,100,7.67,RU,2021-11-25 03:46:21
539,Urengoy,65.9667,78.3667,-3.84,98,98,10.38,RU,2021-11-25 03:46:21
540,Mandali,33.7499,45.5541,60.04,46,67,5.41,IQ,2021-11-25 03:46:22
541,Yarim,14.298,44.3779,50.4,29,31,5.93,YE,2021-11-25 03:46:22
542,Shaoyang,27.2315,111.4525,62.8,38,6,0.87,CN,2021-11-25 03:46:22
543,Olbia,40.9214,9.4856,53.65,100,20,1.14,IT,2021-11-25 03:46:23
544,Changping,40.2186,116.2197,49.64,25,8,3.06,CN,2021-11-25 03:46:23
545,Tateyama,34.9833,139.8667,66.22,56,0,28.21,JP,2021-11-25 03:46:24
546,Udachnyy,66.4167,112.4,-7.71,90,100,7.87,RU,2021-11-25 03:46:24
547,Kirkwall,58.9848,-2.9587,42.85,77,75,31.07,GB,2021-11-25 03:46:24
548,Mitu,1.1983,-70.1733,71.2,99,98,2.44,CO,2021-11-25 03:44:11
549,Labytnangi,66.6572,66.4183,10.83,88,100,10.51,RU,2021-11-25 03:46:25
550,Kathmandu,27.7167,85.3167,57.42,77,40,0.0,NP,2021-11-25 03:45:04
551,Gwadar,25.1216,62.3254,78.58,66,1,2.62,PK,2021-11-25 03:47:26
552,Kurayoshi,35.4333,133.8167,58.91,63,98,14.16,JP,2021-11-25 03:47:26
553,Mount Isa,-20.7333,139.5,76.77,61,75,8.05,AU,2021-11-25 03:47:26
554,Edgewater,28.9889,-80.9023,68.02,52,90,11.5,US,2021-11-25 03:44:49
555,Araouane,18.9048,-3.5265,74.37,33,92,8.68,ML,2021-11-25 03:47:27
556,Hajiganj,23.2511,90.8592,78.37,46,9,6.24,BD,2021-11-25 03:47:27
557,Brae,60.3964,-1.353,39.11,67,87,33.8,GB,2021-11-25 03:47:28
558,Marzuq,14.4,46.4667,66.63,19,62,2.04,YE,2021-11-25 03:47:28
559,Cordele,31.9635,-83.7824,48.29,75,1,0.0,US,2021-11-25 03:47:29
560,Beyneu,45.3167,55.2,23.59,50,1,13.18,KZ,2021-11-25 03:47:29
561,Pasni,25.2631,63.471,77.65,46,0,9.64,PK,2021-11-25 03:47:30
562,Nokaneng,-19.6667,22.2667,70.5,21,3,6.85,BW,2021-11-25 03:47:30
563,Kucevo,44.4775,21.67,40.93,83,11,11.88,RS,2021-11-25 03:47:30
564,Alice Springs,-23.7,133.8833,74.75,46,75,11.5,AU,2021-11-25 03:47:31
565,Aszalo,48.2167,20.9667,28.09,88,3,1.12,HU,2021-11-25 03:47:31
566,Shushtar,32.0455,48.8567,62.89,48,16,1.92,IR,2021-11-25 03:47:32
567,Pathein,16.7833,94.7333,83.35,72,74,8.81,MM,2021-11-25 03:47:32
568,Harnosand,62.6323,17.9379,35.01,95,100,12.57,SE,2021-11-25 03:47:33
569,Asosa,10.0667,34.5333,64.49,40,0,7.31,ET,2021-11-25 03:47:33
570,Shubarkuduk,49.1447,56.4872,-4.25,100,20,2.13,KZ,2021-11-25 03:47:34
571,Dire Dawa,9.5931,41.8661,68.5,39,33,0.72,ET,2021-11-25 03:47:34
572,Puro,12.4841,123.3827,84.94,73,96,8.88,PH,2021-11-25 03:47:34
573,Garachine,8.0647,-78.3628,75.97,87,100,3.47,PA,2021-11-25 03:47:35
574,Mingoyo,-10.1,39.6333,77.14,82,77,0.65,TZ,2021-11-25 03:47:35
575,Alappuzha,9.49,76.3264,78.69,76,99,2.3,IN,2021-11-25 03:47:36
576,Puri,19.8,85.85,79.38,71,15,7.54,IN,2021-11-25 03:47:36
577,Suntar,62.1444,117.6319,1.02,86,100,4.25,RU,2021-11-25 03:47:36
578,Srednekolymsk,67.45,153.6833,-16.78,99,99,7.07,RU,2021-11-25 03:47:37
579,Salalah,17.0151,54.0924,77.09,65,0,3.44,OM,2021-11-25 03:47:37
580,Mairang,25.5667,91.6333,47.32,33,0,2.06,IN,2021-11-25 03:47:38
581,Talaya,61.3833,152.75,-14.98,99,100,5.7,RU,2021-11-25 03:47:38
582,Paamiut,61.994,-49.6678,32.04,99,100,6.51,GL,2021-11-25 03:47:39
583,Jieshi,22.8134,115.8257,69.94,47,13,4.32,CN,2021-11-25 03:47:39
